Nama,Harga,Stok
Handuk Mandi Dewasa Jumbo Maestro 70 x 140 TERLARIS,27500,796
Handuk Mandi Hotel Polos Putih 70 x 140 TERLARIS,27500,390
Handuk Mandi Katun Bambu Morning Whistle by Terry Palmer  MW02 70x135,74900,18
Rak Kamar Mandi Dinding Rak Bumbu Dapur Stainless Steel Rak Tempel Gantung Rak Handuk dapat dipasang tanpa harus dilubangin dibagian,69000,548
VONE RH-05 Towel Bar Rak Handuk Dinding Kamar Mandi Stainless,109812,68
Handuk Mandi Hotel Premium 70 x 140 cm Polos,45900,998629
Handuk Mandi Dewasa Jumbo Maestro 70 x 140 TERLARIS,27500,796
Handuk Terry Palmer Premium 70x140cm,65000,1573
Handuk Mandi Dewasa Motif Chanel 70x140,25500,2
Handuk Microfiber Polos Ukuran 70 x 140 cm,26500,88821
Handuk Mandi Katun Bambu Morning Whistle by Terry Palmer  MW02 70x135,74900,18
Grosir Handuk Merah Putih Besar 70 x 140 by Terry Palmer - Grosir Handuk Dewasa Lembut Murah,42900,795
Handuk Terry Palmer Premium 50x100 cm / Towel / Handuk Mandi,34000,937
Handuk Mandi Hotel Polos Putih 70 x 140 TERLARIS,27500,390
Handuk Mandi Dewasa Gucci Polos 70 x 140 TERLARIS,27500,243
Kintakun Handuk Tartan Katun 70 x 140 cm - Maroon,48950,8
Kintakun Handuk Premium Beglance Katun Navy 70 x 140 cm,120150,15
VONE TS-D504 Towel Shelf Rak Handuk Dinding Kamar Mandi Chrome,267600,32
Kintakun Handuk Butterfly Katun 70 x 140 cm - Yellow,48950,17
Kintakun Handuk Tartan Katun 70 x 140 cm - Tosca,48950,4
Handuk Mutia Dewasa - Handuk Mandi - High Quality Towel - Handuk Besar,43000,130
Rak Handuk Dinding Toilet Aluminium A345,49000,126
Handuk Mandi Dewasa SUNNY Morning Whistle by Terry Palmer uk.70x135cm Katun Bambu,74900,7
Handuk microfiber 70x140cm,69000,23
Handuk Mandi Dewasa Polos Ukuran 70x140 Lembut,27500,522
Handuk Mandi Bayi Jumbo Microfiber 70 x 140 cm Handuk Mandi Anak,14500,199282
Handuk Travel - Salon - Hotel Premium 50 x 100,19500,997603
Handuk Karakter Ukuran Besar 70x140 Motif Anak,18500,143
Keset handuk 44x61cm rp 8.500-9500,9500,987
Handuk Merah Putih 70x140 cm Handuk Mandi High Quality Towel,39500,62362
Kintakun Handuk Glen Katun 70 x 140 cm - Brown,48950,6
Kintakun Handuk Tartan Katun 70 x 140 cm - Purple,48950,6
Handuk Mandi Katun Alva - Grey,55000,1
VONE TS-D503 Towel Shelf Gantungan Rak Handuk Dinding Kamar Mandi,144720,49
VONE HK-505 Gantungan Baju Handuk Kapstok Hanger Dinding Stainless,62500,149
Handuk Mandi Gucci Jumbo Motif Bunga 80x150,29000,45
Handuk Mandi Dewasa CORDA Morning Whistle by Terry Palmer uk.70x135cm Handuk Bambu versi Murah Banget,49900,11
handuk merah putih 50x100,22000,852
Handuk Mandi Dewasa Maestro 70x140 | Handuk Dewasa' Polos TERLARIS,25000,1467
Handuk Mandi Jumbo Polos Katun,24500,199
keset kaki handuk hotel natural terry towel by chalmer 40x60 serap,25000,1279
Baju Handuk Handuk Baju Wearable towel NEW,12000,842
Grosir Handuk lexus Jumbo 90 x 150 premium quality -  grosir handuk dewasa bagus tebal premium quality,110000,881
Handuk Mutia Polos 70x140,36000,92
Handuk Olahraga Size 80 x 30cm,9300,1109
VONE RH-03 Towel Bar Rak Handuk Dinding Kamar Mandi Stainless,120312,67
Handuk Anak Premium Cotton Beglance Towel Koala 60 x 120 cm,111250,27
Kintakun Handuk Premium Beglance Katun Brown 70 x 140 cm,120150,11
VONE HK-M02 Gantungan Baju Handuk Satuan Kapstok Dinding Stainless,13600,154
VONE HK-809 Gantungan Baju Handuk Kapstok Hanger Dinding Stainless,78000,185
Kintakun Handuk Tartan Katun 70 x 140 cm - Yellow,48950,10
VONE HK-091 Gantungan Baju Handuk Kapstok Hanger Dinding Stainless,75500,401
Kintakun Handuk Premium Beglance Katun White 70 x 140 cm,120150,47
Kintakun Handuk Glen Katun 70 x 140 cm - Orange,48950,18
Kintakun Handuk Glen Katun 70 x 140 cm - LightYellow,48950,18
MAGIC Towel Handuk Kepala Pengering Rambut Keramas Cepat Kering Serap,10000,91
Handuk Muka Merk Merah Putih Polos Handuk Kecil Sport Olahraga Sepeda,12000,65
Angola Rak Kamar Mandi E09 E04 Toilet Rack Tempat Sabun Bumbu Rak Handuk Dinding Rak Dapur,44800,148
Handuk Mandi Dewasa Sultan Handuk Motif Salur Microfiber 70 X 140,32700,200
Handuk Mandi 60x120 Katun CARDED Halus Nyerap Harga Grosir (HD1673),33700,113
Rak Kamar mandi Tempat Sabun Rak handuk Rak kosmetik Toilet Rack Z935,109000,1968
handuk mandi lis terry palmer corak 70x140 lembut corak,65000,1167
Rak Aluminium Gantungan Handuk Dinding Toilet,54000,71
Handuk Microfiber Quickdry 35 x 75 cm,14500,83
Handuk Chalmer Jumbo 80x160 Handuk Mandi Beach Towel Pool Towel,84900,192
VONE TS-D505 Towel Shelf Rak Handuk Dinding Kamar Mandi Chrome,92340,47
VONE HK-M04 Gantungan Baju Handuk Satuan Kapstok Dinding Stainless,18600,242
Handuk Mandi Dewasa SUNNY Morning Whistle by Terry Palmer uk.70x135cm Katun Bambu,74900,7
Rak handuk lipat stainles hitam kamar mandi 60CM,185000,2000
Quick Dry Portable Ultralight Microfiber Towel Handuk Premium Pengering Badan K7H5,205000,100
Rak Handuk Gantung Dinding Bahan Stainless Steel untuk Kamar Mandi,46800,9958
T5010P Handuk Mandi hotel tebal ukuran 50 x 100 cm,21600,8
W728 Handuk Polos 30x70cm Kecil Panjang Warna Murah Bath Towel Cloth,9800,1453
Handuk Gucci Jumbo 80x150 / Handuk Mandi Dewasa Gucci Jumbo,26000,1475
Handuk Terry Palmer Premium 70x140cm,65000,1742
Gantungan Di Dinding Kamar Mandi Baju Handuk Tempel Stainless 6pcs,9900,29
Handuk Microfiber Quick Dry - W-580,24000,86
VONE HK-213 Gantungan Baju Handuk Kapstok Hanger Dinding Stainless,21000,218
Handuk Traveling & Renang Microfiber Quickdry Size 60 x 120 cm - Travel Towel - Bath Towel,54900,94
Handuk Hotel INTERCONTINENTAL Morning Whistle by Terry Palmer uk.70x140,99900,11
Handuk 2in1 handuk mandi dan handuk muka,39900,100
Handuk Mandi Dewasa CORDA Morning Whistle by Terry Palmer uk.70x135cm Handuk Bambu versi Murah Banget,49900,11
Handuk Mandi Dewasa Handuk Microfiber 70x140cm - Hijau,31210,599
Handuk anak Dinosaurus embossed,150000,120
HANDUK DISNEY ANAK ORIGINAL,49000,118
Handuk Besar Super Jumbo Polos Ukuran 90 x 160 cm Handuk Mandi Handuk Pantai Beach Towel,74500,93
handuk pantai lexus jumbo lis corak 90x150 tebal lembut serap,100000,96
HANDUK BAJU DEWASA GOL17  ANDUK BAJU TIDUR KARAKTER MULTIFUNGSI,14000,951
Rak Kamar Mandi Dinding Rak Bumbu Dapur Stainless Steel Rak Tempel Gantung Rak Handuk dapat dipasang tanpa harus dilubangin dibagian,69000,548
Handuk Terry Palmer Premium Eternal 50x100 cm Handuk Travelling,34000,18070
HANDUK TERRY PALMER PREMIUM JUMBO B Class uk 70 140,69840,106
Handuk Olahraga - Salon - Hotel 35 x 80,14500,999302
kimono handuk dewasa jumbo bigsize polos murah renang,59900,12
handuk sapu tangan oshibori polos 25x25 super serap,3800,293
Handuk Terry Palmer Signature 70x140cm Tebal 550gr,84000,120
HANDUK KIMONO MANDI BATHROBE SIZE 12,135000,50
Handuk Full cotton daya serap tinggi 70x140cm import,59000,120
rak handuk 2 baris stainless steel 70cm,85000,50
Gantungan Baju Hanger V 5 Kait Kapstok Kunci Jaket Handuk Wall Dinding Tembok Stainless Steel,62000,4
Handuk Wajah Handuk Muka Handuk Barbershop Untuk Pemanas Handuk  Atau Towel Warmer,99000,73
Rak handuk stainless 2batang,65000,150
Gantungan handuk kamar mandi stainles,110000,100
Rak handuk 2 susun almunium tebal,90000,500
Rak handuk 2 baris lipat stainless sus 304,125000,100
Rak handuk lipat stainles sus 304,175000,199
Handuk Mandi hotel polos 70 x 140 cm seri T7140P,45000,29
Handuk Mandi Dewasa Jumbo Motif Janda Bolong 90x160,29000,74
Handuk muka 30x70 CM Merah Putih Grade A Handuk sport katun halus nyerap,10400,13
Tempat Sabun Dinding Cair Gantungan Handuk Stainless Rak Toilet,73500,116
Handuk Besar Jumbo 80 x 160 Handuk Mandi Handuk Pantai Beach Towel,75000,999
HANDUK MANDI DEWASA JUMBO MICROFIBER COTTON UKURAN 85cm x 145cm . HANDUK MANDI DEWASA KATUN TEBAL MURAH BERKUALITAS TINGGI,34500,80
SALE handuk mandi salur line up cotton club 70x140 by terry palmer,54999,199784
Handuk hitam mandi dewasa 70x140cm,68000,464
Jemuran Handuk Vinoda,51000,4
RAK HANDUK STENLIES 2 SUSUN-RAK KAMAR MANDI-GANTUNGAN HANDUK,105000,50
Handuk NOLabel Abu-Abu Dewasa,75000,99
CIJI Handuk Mandi 35x75cm Microfiber Dengan Bahan Lembut Cepat Menyerap Air,36800,30
Lap Tangan Handuk Polos Model Gantung,4900,1000728
Handuk Katun Unisex Merk New Owner Ukuran 70x35 cm,19800,50
Handuk Muka Good Morning 70x30 Cm PROMO BELI 2 GRATIS 1 ORI,24800,48
Rak Aluminium Tempat Gantungan Handuk Dinding Toilet Kamar Mandi,59000,422
HM Paket Murah 2 pcs Handuk Merah Putih 2 Ukuran 70x135 & 50x100,58800,8
handuk kimono,55000,50
Handuk Mutia Besar 70 X 140,40600,9
Handuk Muka Terry Palmer Premium 35x80cm / Leher / Handuk Jogging / Senam,24000,1577
W726 Handuk Polos 25x25cm Kotak Kecil Warna Murah Square Towel Cloth,3900,2082
Handuk Mandi Dewasa Jumbo Motif Gucci 80 x 150 TERLARIS,29000,880
Handuk Microfiber Quickdry 35 x 75 cm GIANTEX,14100,186
HANDUK KARAKTER,17000,135
Handuk mandi 50x100 CARDED Halus Nyerap Harga Grosir 50x100cm Murah Banyak Warna,23800,149
Saputangan Handuk Polos Ukuran 33x29 Cm,8800,1
Saputangan Handuk Ukuran 30x30 Cm,11800,48
Handuk Mandi Dewasa Terry Palmer Ukuran 70x140 cm ORI,119800,50
Saputangan Handuk Kartun Ukuran 27x27 Cm,9800,12
Handuk Anak Karakter Ukuran 70x140 Cm,39800,50
Handuk Mandi Handuk Wajah Muka Wirable Towel Handuk Ringan Nyaman-Handuk Serba Guna,15900,171
handuk sport microfibre microfiber 35x80 super serap quick dry,19000,1149
ASS Handuk Terry Palmer Premium Grade A Uk 50x100,44250,1104
Magic Towel Cap Microfiber Serat Ajaib Handuk Kepala Pengering Rambut,9900,533
Handuk Microfiber Quickdry Polos Tebal Lebar Daya Serap Kualitas Super,12999,2131
KESET KAKI HANDUK HOTEL INVICTA TEBAL UKURAN 40X60 CM,25250,99991
Handuk Mandi Dewasa Mentari 70 x 140 TERLARIS,19000,997
Handuk Microfiber Cepat Kering - W580,17320,97
Handuk Dewasa Tebal Quik Dry 70x140cm Microfiber wave Daya serap Tinggi,52000,677
Microfiber Twister Korean Microfiber Drying Towel Twister Microfiber Handuk Premium,110000,9
Handuk Katun Tanggung Unisex Youyi 73x40 Cm,19800,1
Handuk Muka Sepakbola Ukuran 76x42 Cm,29800,50
Handuk Mandi Katun Unisex Ukuran 140x70 Cm,39800,46
Handuk Mandi Katun Unisex California 133x70 Cm,64800,50
Handuk Bayi Katun Unisex Concept By Terry Palmer Ukuran 100x50 Cm,74800,48
Handuk Muka Ukuran 71x33 Cm,6800,1
Handuk Badan Katun Unisex Marlboro 118x61 Cm,59800,50
Handuk Mandi Katun Unisex Merk Mutia Ukuran 140x70 Cm,64800,48
Handuk Mandi Katun Unisex Concept By Terry Palmer Ukuran 140x70 Cm,124800,48
Handuk Anak Karakter Kartun Ukuran 70x140 Cm,39800,50
Handuk Mandi Hotel Embos Polos Multifungsi Ukuran 70cmx140cm,26000,2
Rak Dinding Kamar Mandi Gantungan Handuk Baju WC Toilet Serbaguna S543,63900,93
Handuk Kecil Towel Handuk Saputangan Ukuran 30cm x 30cm,4200,9955
Dunlopillo Bath Towel - Handuk Mandi,119000,3
handuk salur line up cotton club 70x140 by terry palmer,62500,53
Handuk Mutia Uk 50x100 Halus Lembut,21450,21
Handuk Set 2In1 Handuk Mandi dan Wajah Cotton Towel,49900,90
handuk terry palmer lunarson 70x140 tebal &amp lembut,100000,88
handuk quick dry microfibre microfiber polos 70x140 super lembut serap,54999,195
C038 Rak Gantung Tempat Handuk Odol Shampo Serbaguna,12500,369
Handuk Mandi Katun Wanita Dolphin Cove 126x68 Cm,59800,50
Handuk Hotel INTERCONTINENTAL Morning Whistle by Terry Palmer uk.70x140,99900,11
Handuk Mandi Dewasa Gucci Polos 70 x 140 TERLARIS,27500,243
Bath Towel Silicone Handuk Sikat Gosok Mandi Pijat Pembersih,8999,999
Handuk Mandi Dewasa Handuk Mandi Chalmer 70x135 cm Motif Majja,89900,100
BAJU HANDUK KIMONO MANDI RENANG DEWASA MOTIF WEARABLE BATH TOWEL DRESS,14250,2681
handuk mandi travel terry palmer signature 50x100 550gsm super tebal,50000,115
Handuk Mandi Dewasa Jumbo Polos TERLARIS,26500,84
handuk mandi hotel katun tebal export 70x140 super serap,80000,105
keset kaki handuk hotel invicta 40x60 polos tebal serap,25000,167
Lap Tangan Handuk Polos Model Gantung,4900,1000728
rak handuk gantungan handuk stenlies 2 baris,75000,25
Saputangan handuk BBM saputangan handuk kecil 30x30cm,5000,607
Handuk Microfiber Quickdry 35 x 75 cm,14000,972
Handuk Mandi 50x100cm Lovely Terry Corak Halus Lembut Tebal Murah,33900,99
Handuk Mandi Dewasa Motif Dolby  Handuk TERLARIS,28000,95
Handuk Mandi Motif Gucci 70x140 TERLARIS,26500,97
Handuk Merah Muda / Pink N370 Size 35 Cm x 70 Cm,17312,97
Handuk Hijau Muda / Tosca N371 Size 35 Cm x 70 Cm,17312,146
Handuk Biru N 369 Size 35 Cm x 70 Cm,17312,141
Handuk Merah Putih sedang ukuran 50 x 100,22400,24
Handuk Mutia Polos 50x100,17500,6
Keset Kaki Handuk Hotel Invicta 40x60 Polos Tebal Serap,25500,998
Handuk Mandi Dewasa Handuk Microfiber 70x140cm - Hijau,31210,599
Handuk mutia putih 70x140 Best Seller,45000,209
Handuk Mandi Dewasa FILLZO Morning Whistle by Terry Palmer uk.70x135cm,74900,30
Handuk Jepang Microfiber 70x140cm Handuk Mandi Murah Berkualitas Lembut Daya Serap Tinggi Motif Bunga,44000,19
Handuk Mandi Hotel Embos Microfiber Ukuran 70cmx140cm Warna Polos Multifungsi,27500,78
Handuk Mandi Dewasa Gucci 70 x 140 Handuk Dewasa Guccj TERLARIS,28500,86
Handuk sport muka leher,9500,175
Handuk Victoria Secret Towel 160cm Round,155000,10
rak handuk dinding kamar mandi - toilet alumunium almunium,62000,181
KP rak handuk dinding toilet almunium,54000,100
Handuk Motif Karakter Anak - 70 x 140cm - Motif Set ke-2,49000,47
hanger jemuran handuk sendal sepatu single,69000,56
hanger jemuran handuk sendal sepatu single,69000,56
Handuk baju mandi magic korea gambar asli CC,125000,39
AJ lap tangan handuk microfiber cendol,7500,100
Handuk Pembersih punggung Handuk gosok punggung sikat daki punggung C,40000,10000
HANDUK KIMONO BATHROBE HOTEL  POLOS DEWASA  PUTIH,217000,5
Handuk Hotel Super Premium 5 stars Bath Towel 70x140,67900,9932
Handuk Good Morning,3500,2168
HANDUK MICROFIBER BESAR PS 70X140CM,50000,16
GANTUNGAN HANDUK TEMPEL MURAH TANPA PAKU,16900,188
Handuk Mandi Terry Palmer Premium Eternal 50 x 100cm - Random Colour,34200,393
Handuk Chalmer mandi dewasa 70x140,49000,2441
Handuk Rambut Keramas Microfiber Lap Pengering Rambut Handuk Keramas Kepala Import,7900,15
Handuk Mandi Polos Beludru Size 75x150 Cm,20500,199
Handuk Terry Palmer Premium 70x140cm,72000,999985
Handuk Mandi Dewasa DANICA Morning Whistle by Terry Palmer uk.70x135cm,74900,6
Rak Dinding Kamar Mandi Gantungan Handuk Baju Toilet WC 3Tingkat S585,109900,999
Gantungan Handuk Lipat Samping / Jemuran Handuk Stainless,250000,100
Handuk Mandi Anak Minicooper Ukuran Dewasa,26000,94
KK RAK GANTUNG HANDUK SERBAGUNA TEMPEL KAMAR MANDI ALUMINIUM,8000,80
Handuk Mandi Hits Beli 1 Gratis 1 CC,85000,98
Handuk Mandi Gucci Motif Bunga Sakura 80x140-Habduk Mandi Dewasa Gucci Jumbo,25000,1487
Sorex Handuk Mandi Dewasa Dan Anak Super Soft Towel Lembut Daya Serap Tinggi HM 897,61500,13
Rak Handuk Stenlis model lipat. gantungan Handuk lipat stainless,170000,208
Handuk Traveling & Renang Microfiber Quickdry Size 70 x 150 cm - Travel Towel - Bath Towel,75000,95
handuk quick dry microfibre microfiber wajik 50x100 super lembut serap,37500,254
SUCTION HOOK Kait Handuk Kamar Mandi Dapur Vacuum gantungan hook,2150,1255
Handuk sport lis merah putih 30x70 serap cepat kering by terry palmer,10999,170
Keset Handuk 40 x 60 cm Keset Natural by Chalmer Keset Polos Keset Dapur Keset Kamar Mandi,25100,498
Handuk Baju Wearable Towel,25000,83
Handuk Pantai 77x145 cm Jumbo Meresap,13500,954
KK RAK DINDING KAMAR MANDI ALMUNIUM GANTUNG HANDUK SIZE 54,62000,97
rak handuk susun plus gantungan baju,90000,12
SALE Handuk PENGERING RAMBUT INSTANT ORIGINAL 100 CC,150000,998
HANDUK KIMONO BATHROBE DEWASA POLOS HITAM Size L,219000,4
HANDUK KIMONO/KIMONO MANDI BATHROBE ANAK SIZE 10 BAHAN COTTON TOWEL - BIRU,119000,2
HM Paket Isi 4 pcs ukuran Jumbo 70x135 Handuk Merah Putih,150000,109
handuk couple bordir terry palmer morning whistle 2 handuk plus box,215000,994
Handuk Terry Palmer 70x140cm,60000,1769
HANDUK MANDI KARAKTER KARTUN/MOTIF ANAK/DEWASA BAHAN LEMBUT,35000,79
Rak handuk 2 baris stainless & gantungan tempat handuk,62000,217
Handuk Salon Lusinan,122000,10
handuk polos murah 70x140,25000,12
Handuk Wajah Bamboo40 Morning Whistle by Terry Palmer uk. 34 x 80 cm,27000,8
Handuk Mandi Murah Jumbo Besar Dewasa Corak Warna,21000,19
Handuk kepala Magic towel cap HK515L,13500,11
rak handuk 60cm lipat plus kapstok geser,175000,19
HANDUK KIMONO DEWASA POLOS BLUE NAVY Size  M,169900,4
Rak Handuk Kamar Mandi 2 Baris Bahan Stainless,60000,10
HANDUK MANDI HANDUK MANDI JUMBO 75 X 145,45000,23
Rak handuk. rak handuk stainless,195000,5
HANDUK BESAR HANDUK MANDI JUMBO 75 X145,85000,29
HANDUK KIMONO BATHROBE DEWASA POLOS BLUE NAVY Size L,179900,1
HANDUK MANDI KIMONO BATHROBE ANAK SIZE 06 100% COTTON TOWEL,95000,2
HANDUK KIMONO BATHROBE DEWASA POLOS BLUE NAVY Size XL,199900,4
Gantungan handuk stainless hitam 2 baris lipat,220000,100
Handuk Mandi Katun 70X140cm Handuk Dewasa Handuk Hotel Putih Daya Serap Tinggi dan Lembut,39000,70
SAPU TANGAN HANDUK WARNA HANDUK MUKA SOUVENIR 30x30cm,4300,979
Handuk Traveling & Renang Microfiber Quickdry Size 60 x 90 cm - Travel Towel - Bath Towel,44900,92
VONE HK-700 Gantungan Baju Handuk Kapstok Ikan Lumba Dinding Stainless,25500,242
Handuk Microfiber Polos Perlengkapan Mandi Dewasa 70 x 140 cm,30000,186
Handuk Good Morning 99 Handuk Salon Handuk Muka Handuk Putih,4500,1973
Handuk Muka - OSHIBORI Premium Face Towel 30x30,6500,9975
handuk lis merah putih 30x70,11000,781
Rak Jemuran Handuk 5 Pipa Vanstar,47000,50
OKE TP Morning Whistle Bamboo Towel ALVERO Handuk Mandi 70x135,74900,228
Kalibre Handuk Suede Microfiber Travel Towel size M biru tua,119000,6
rak handuk lipat susun black gold mewah towel bar,190000,250
gantungan handuk Rak handuk 2 baris stainless warna hitam,95000,12
Handuk Rambut Premium - Dijamin Engga Kering CC,125000,99
HANDUK KIMONO SYAR'I BATHROBE HOODIE MAROON 270 ALL SIZE,249900,4
Handuk Mutia 50x100 cm - Handuk Mandi Anak - Travel Travelling,22000,188796
handuk mandi serat bambu bamboo sunny 70x140 serap lembut by terry palmer,90000,96
Handuk Hotel Polos Uk. 70x140cm Gramasi 600gsm (Tebal),79000,553
Handuk Merah putih sedang 60x120,31025,20
Handuk mandib 72x140 cm Rp 21.500 - Rp. 23.500 MURAH,24800,985
rak handuk lipat 60cm 918,155000,12
Handuk Mandi Dewasa Polos strip 70x140-Handuk Dewasa-Handuk Tebal,23500,1485
handuk couple wedding custom gratis bordir handuk merah putih 70x140 plus box,155000,975
Rak handuk 4 susun rak jemuran handuk aluminium,105000,6666
Handuk cotton club 35x80 by Terry Palmer handuk muka terry palmer,23500,1152
rak handuk double hitam 60cm,95000,60
rak handuk lipat 604 - 60cm stainless 304,120000,15
HANDUK KIMONO BATHROBE DEWASA POLOS MERAH MAROON SIZE XL,229900,5
HANDUK KIMONO BATHROBE DEWASA HOTEL PUTIH,245000,5
Kalibre Handuk Suede Microfiber Travel Towel size M biru muda 996266400,113000,2
Handuk Mandi 70x135 Halus Nyerap Harga Grosir Murah (HD154),42100,68
Handuk Bamboo Cotton MORNING WHISTLE By Terry Palmer 70 x 135 Cm,73450,35
Rak Handuk Dinding 2 Susun - Tempat Handuk Gantungan Handuk Towel Rack Double Hitam Black 602,80000,6
HANDUK SUPER MICROFIBER SIZE 50X100,21000,247
gantungan handuk plastik kamar mandi tanpa paku rak handuk suction tem,8500,154
Handuk Dewasa Microfiber Motif 835 Ukuran 70X140,37500,6
Magic Towel Compressed  Handuk Kecil press,500,93874
VONE HK-125 Gantungan Baju Handuk Kapstok Hanger Dinding Stainless,38100,81
Wearable towel handuk mandi kimono W718T,25500,8
Gantungan Handuk model Lipat . Rak Handuk stainless,190000,139
Handuk Kimono Dewasa Motif Cotton Towel Menyerap Air Flower Biru,209000,2
rak handuk lipat hitam 918 black,185000,26
Gantungan - Rak Handuk Lipat 60cm 4 Baris Plus Kait Stainless Stell,220000,100
rak handuk double hitam stainless 60cm,95000,58
rak handuk lipat 604-60cm stainless 304,110000,13
HANDUK KIMONO DEWASA TUDUNG HOODIE EXTRA PANJANG 100% COTTON TOWEL PUTIH LIST,285000,1
rak handuk 2 baris Stainles 70cm,70000,50
Kalibre Handuk Suede Microfiber Travel Towel size M 996216550,109000,2
Rak handuk gantungan handuk dua baris stainless steel,115800,11
HANDUK KIMONO DEWASA TUDUNG HOODIE SYAR'I EXTRA PANJANG 100% COTTON TOWEL HITAM LIST PUTIH,275000,1
Handuk Hotel Putih Size 70x140cm,23500,1991
Handuk 30x70 Katun Carded Per Lusin Halus Serap Harga Grosir (ANJOLY HD1674),144000,12
Handuk Mutia 70 cm x 140 cm,45000,76
Handuk Mandi Terry Palmer Premium 70 x 140 cm Towel,61750,199263
Gantungan Handuk Baju Alumunium,27500,44
HANDUK TERRY PALMER ANTI BACTERI ORIGINAL 50X100CM,42000,110
Handuk Karakter 70 x 140,20000,94
Handuk Kastex by Lenuta  30 X 70,9000,81
Sikat Silikon Punggung Handuk Mandi Silicone Brushes Bath Towel,8245,197
Handuk Mandi Premium Super Katun Ukuran lebar Besar,64900,50
Handuk mandi PENTHOUSE 70x140 / Bath towel Handuk dewasa polos - SG2,42500,7
Handuk Mandi Dewasa Terry Palmer Premium Anti Bacteri Silver Tech 450,350000,97
Handuk mandi boneka PENTHOUSE 60 x 120 - Handuk microfiber - Bath Towel,35900,10
VONE HK-213 Gantungan Baju Handuk Kapstok Hanger Dinding Stainless,21000,218
Handuk Mandi Premium LAZY Sunday - EXPORT QUALITY -,120400,27
ASS Handuk Terry Palmer Signature Grade A Uk 50x100,49880,53
Handuk Sport Chalmer 34x80cm Handuk Tangan Handuk Muka Handuk Wajah,22900,298
Gantungan handuk tempel kamar mandi stainless rak handuk tanpa pakuLem,15200,474
Handuk Anak Microfiber Boneka Kelinci Bordir MURAH,35000,188
Rak Gantung Sudut Dinding Cantolan Alat Dapur Baju Kamar Tidur Tempel Lap Tangan Handuk Plastik,8999,15
Handuk Mutia Dewasa - Handuk Mandi - High Quality Towel - Handuk Besar,43000,686
Handuk sport  leher  salon 30x70 cm,9800,948
handuk terry palmer signature cen 70x140 limited special edition,100000,74
Handuk mandi PENTHOUSE 70x140 / Bath towel Handuk dewasa polos - SG2,42500,7
Handuk Mutia Polos 70x140 Khusus JNE Trucking,38500,200
Handuk Mandi Dewasa FILLZO Morning Whistle by Terry Palmer uk.70x135cm,74900,30
HANDUK MICROFIBER NATUREHIKE NH19Y002-J TRAVELING PORTABLE QUICK DRY,190400,100
Rak Dinding Kamar Mandi Gantungan Handuk Baju WC Toilet Serbaguna S543,63900,93
Terry Palmer Morning Whistle Arion Bamboo Cotton Handuk Mandi-70x135cm,134900,100
"Kapstok 5 kait gantungan handuk, baju kamar mandi stainless steel",20000,24
Grosir Handuk Terry Tebal Lembut Jumbo 80x150 - Handuk Top Terry Jumbo tebal halus lembut mewah,99500,918
Gantungan Dinding 6pcs Hook Hanger Pintu Kamar Toilet Handuk Wc Kulkas,1945,621
Handuk Terry Palmer Merah Putih Ukuran 50x100cm Handuk Mandi Dewasa - Random Color,23990,961
keset kaki handuk terry palmer hotel export kotak 45x65 tebal serap,45000,113
LAP TANGAN HANDUK CHALMERr 40 x 40 cm SERBET CUCI TANGAN LAP GANTUNG,17900,897
Handuk Mandir Jumbo uk.85x160cm Morning Whistle by Terry Palmer,119000,6
Handuk Hotel Terry Palmer Katun Polos Intercount 140x70 Putih,129000,80
Handuk Terry Palmer Premium Motif Signature 70 x 140cm - Random Colour,67500,977
gantungan baju-capstok-kapstok-gantungan handuk,55000,555
CIJI Handuk Mandi 35x75cm Microfiber Dengan Bahan Lembut Cepat Menyerap Air,36800,30
Handuk Olahraga Premium By Terry Palmer Ukuran 80x35 Cm,44800,48
Handuk Mandi Dewasa Gucci 70 x 140 Handuk Dewasa Guccj TERLARIS,28500,86
VONE HK-700 Gantungan Baju Handuk Kapstok Ikan Lumba Dinding Stainless,25500,242
Handuk Mandi Dewasa Jumbo Motif Gucci 80 x 150 TERLARIS,29000,880
handuk mandi Travel CLEON uk.50x100cm Morning Whistle by Terry Palmer,49900,20
Terry Palmer Morning Whistle Azka Bamboo Cotton Handuk Mandi-70x135 cm,134900,99
Handuk Mandi Dewasa Terry Palmer Signature Lunarson ORI,119800,50
GANTUNGAN HANDUK MODEL 2 BARIS RAK HANDUK KAMAR MANDI,42000,28
Handuk Olahraga Katun Unisex Merk Mutia Ukuran 70x30 Cm,29800,48
Tirol Handuk Microfiber Lap Pengering Mobil XL 92 x 56 cm - Yellow,53600,8
Handuk Mandi Hotel Polos Putih|Handuk Dewasa TERLARIS !!!,27000,1499
Handuk Terry Palmer Premium uk 70x140cm,75000,51
Baju Handuk  Handuk Baju  Wearable towel,12000,842
Jemuran Handuk 85 Cm,107500,11
Handuk keropi,87200,6
Handuk Terry Palmer Signature 70x135 cm - Handuk Dewasa High Quality,83000,104
Handuk Mandi Polos Kualitas Hotel Jumbo Premium 70 x 140,40000,172
handuk mandi SUPER JUMBO 97X165 CM,19500,199
JEMURAN HANDUK STAINLESS. Rak Handuk. Tempat handuk Hotel,195000,245
Handuk Merah Putih 50x100cm handuk tanggung by Terry Palmer,21750,1020
Handuk Mandi Hotel polos putih,27900,6623
Vallery Handuk Mandi  70 x 140  PREMIUM  RANDOM,46500,98
VONE HK-125 Gantungan Baju Handuk Kapstok Hanger Dinding Stainless,38100,81
rak handuk gantungan handuk stenlies 2 baris,75000,25
OKE TP Morning Whistle Bamboo Towel ALVERO Handuk Mandi 70x135,74900,228
Handuk Dewasa Motif Batik Heritage,200000,99999999
Rak Closet Kamar Mandi Tempat Sabun Handuk Kosmetik,125000,40
Handuk Bath Towel Premium Hotel Jumbo Putih Tebal,80000,84
Karakter Handuk Mandi Baju - Handuk Baju Mandi Dewasa Kimono,19000,10
Handuk merah putih Jumbo ukuran 70 x 140,40150,5
Travel towel naturehike handuk microfiber UL 73x130 cm HANDUK TRAVEL,100000,99999
Gantungan Baju Kait Handuk Kamar Mandi Dapur Suction Hook Cantolan - Random,1600,479
handuk mandi Travel GELSI  uk.50x100cm Morning Whistle by Terry Palmer,49900,9
Handuk Sport Ornament Abu - Handuk Muka - Handuk Kecil Leher - Salon,20000,188856
Tissue Handuk Mini Permen Travelling Kompres Towel Portable tisu,388,999679
Handuk NOLabel 100x150cm & 40 Beach Towel & 41 - Hitam,78000,5
Handuk Bayi Premium By Terry Palmer Ukuran 100x50 Cm,64800,48
Handuk Mandi Dewasa Mentari 70 x 140 TERLARIS,19000,997
rak handuk lipat 60cm 918,155000,12
VONE TS-D602 Towel Shelf Rak Gantungan Handuk Baju Dinding Kamar Mandi,150000,28
BAJU HANDUK KIMONO MANDI KARAKTER DASTER TIDUR WANITA BATH TOWEL DRESS,14250,148
keset kaki handuk olympic corak dolphin 40x60 serap lembut,28000,109
HANDUK MUKA HOTEL - TOWEL HOTEL 31x31 -  FACE TOWEL,12000,337
aluminium 3m gantungan baju dinding tempel hook stainless steel perekat kuat tempel stiker handuk topi,22900,966
Rak Modern Gantungan Handuk Kamar Mandi,109000,297
Simple Aluminium capstok - Gantungan Handuk Baju Aluminium A753,22000,803
Gantungan Handuk Tanpa Paku Hanger handuk,12500,3256
handuk hitam tebal salon pijat refleksi kaki 35x80,20000,213
keset kaki handuk hotel terry palmer export onde 45x65 tebal serap,45000,19982
Handuk Mandi Jumbo Motif Polos Kotak 70 x 140,25500,98
Handuk Mandi Katun Unisex Merk Mutia Ukuran 100x50 Cm,39800,48
Kalibre Handuk Suede Microfiber Travel Towel size L,149000,36
Handuk Mandi Bayi Hotel Merk Mutia Ukuran 100x50 Cm,44800,48
Tissue Handuk Mini Permen Travelling Kompres Towel Portable tisu,388,999679
Handuk Mandi New Maestro 70x140 / Handuk Mandi Dewasa / Handuk Mandi Tebal,26000,498
Handuk Mandi New Maestro 70x140 / Handuk Mandi Dewasa / Handuk Mandi Tebal,26000,498
Handuk Hotel Polos Uk. 70x140cm Gramasi 600gsm (Tebal),79000,553
Handuk Mandir Jumbo uk.85x160cm Morning Whistle by Terry Palmer,119000,6
Gantungan Handuk 4 Baris Lipat Stainless - Gantungan Baju Kamar Mandi,195000,98
Handuk Mandi Hotel Merk Mutia Ukuran 140x70 Cm,74800,45
handuk lis merah putih 70x140,40000,1161
Handuk Mandi Dewasa Katun Bambu FRESIA Morning Whistle by Terry Palmer uk.70x135cm,74900,3
handuk pantai hotel sauna kolam renang tatakan tempat tidur 100x200,140000,28
Handuk Signature Antibakteri Original by Terry Palmer 70x140cm,109000,699
handuk sport quick dry microfibre microfiber wajik 35x80 super lembut,20000,1181
Baju Handuk Wearable Towel Handuk Multifungsi Kimono Merah Muda,14999,94378
keset kaki handuk home sweet home hsh 40x60 by terry palmer,26000,101
handuk sport hotel terry towel putih 35x80 tebal &amp lembut,30000,154
GANTUNGAN HANDUK TANPA PAKU RAK HANDUK SUCTION TEMPEL STAINLESS - Putih,19500,35
Handuk Sport 33x76 Katun Carded Premium Nyerap Harga Grosir (HD1677),16200,390
OKE TP Morning Whistle Bamboo Towel LUNARSON Handuk Mandi 70x135,84900,44
Handuk Mandi Dewasa Jumbo Polos TERLARIS,26500,84
Handuk Mandi Katun Unisex Merk Merah Putih Ukuran 130x79 Cm,64800,48
KP handuk baju tidur karakter multifungsi,14000,100
Handuk Mandi Premium By Terry Palmer Ukuran 140x70 Cm,134800,48
Handuk Ponco Renang Anak Karakter Kartun Frozen Hello Kitty Princess,55000,74
Gantungan Kait 6 in 1 Handuk Kamar Mandi Vacuum Suction Hook Cantolan,6250,846
Handuk Bayi Microfiber Karakter Halus Lembut Balita Anak Micro Fiber Anduk Premium Quality Towel,22900,92
Handuk Microfiber Quickdry 35 x 75 cm GIANTEX - U0755 - Blue,15500,23
Handuk Sapu Tangan Mutia Warna 30 x 30,6000,6
Rak handuk lipat stainless 2 susun. Gantungan handuk lipat 2 susun stainless steel,175000,12
rak handuk double 632,60000,38
Handuk Mandi Chalmer 50 x 100 cm Ukuran Medium Handuk Travel,30500,500
Handuk Hanami Premium 70x140,56575,35
handuk mandi serat bambu morning whistle polos 70x140 by terry palmer,82500,116
Handuk Katun Unisex Merk Merah Putih Ukuran 95x51 cm,39800,49
Handuk Mandi Dewasa Jumbo  Handuk Mandi Batik Murah 70x140,28000,990
RAK HANDUK STENLIES 2 SUSUN-RAK KAMAR MANDI-GANTUNGAN HANDUK,105000,50
Handuk Mandi Katun Salur Unisex New Concept Premium By Terry Palmer Ukuran 140x70 Cm,124800,47
HANDUK PAKET TRAVEL HIGHEND ASLI BY TERRY PALMER,69900,19
Rak Handuk Dinding Toilet Aluminium Z345,49000,248
Handuk Keramas Cepat Kering Bahan Microfiber Turban Magic Towel Head Fast Dry Hair,12900,342
TERRY PALMER MORNING WHISTLE HANDUK MANDI BAMBOO FILLZO,69900,99
handuk muka rrt 580 jaman dulu asli china sin tung hu murah,8000,107
Tirol Handuk Microfiber Lap Pengering Mobil XL 92 x 56 cm - Yellow,53600,8
"gantungan handuk, gantungan, jemuran dinding, rak, 60cm.",15000,999
Handuk Mandi Jumbo Premium Lembut Halus Classic by Tastex ukuran 80 x 150 cm,79500,27
Terry Palmer Signature 70x140 - Handuk Mandi Dewasa Tebal - Towel,89000,1875
Handuk Hitam Leher Halus Nyerap,12000,7638
handuk mandi katun import premium versus 70x140 serap lembut,60000,117
Handuk Olahraga Katun Unisex Concept By Terry Palmer Ukuran 80x35 Cm,44800,48
Keset Handuk Welcome Alas Kaki Kamar Mandi Warna Menarik N486,27895,66
228 Kapstok Gantungan Baju 5 Kait 2 Hook Handuk Dapur Kunci Robe Hitam,40000,97
SET BOTOL TEMPAT SABUN ODOL SAMPO SIKAT GIGI HANDUK TRAVEL TRAVELING C,125000,91
Jemuran Handuk 85 Cm,107500,11
HANDUK KIMONO BATHROBE DEWASA POLOS MERAH MAROON SIZE M,189900,4
rak handuk lupat 60cm plush gantungan baju,165000,6
Rak handuk kamar mandi stainles 2 Susun,134000,99
JEMURAN HANDUK STAINLESS. Rak Handuk. Tempat handuk Hotel,195000,245
rak handuk double 632,60000,38
Matte Hitam Emas Gantung Rak Handuk Aksesoris Kamar Mandi Rak Kamar Mandi Kamar Mandi Organizer,500000,2
Handuk Mandi Dewasa Jumbo  Handuk Mandi Batik Murah 70x140,28000,990
Holder Gantungan Tisu Gulung Tempat Tissue Handuk Tas Tempel Serbaguna,1900,325
Handuk Sport Ornament Hitam / Handuk Muka / Handuk Leher / Towel,20000,38785
gantungan handuk rak handuk kamar mandi gantungan baju gamis,30000,14
HANDUK MANDI POLOS MERK MERAH PUTIH SIZE 70  x 135CM - WARNA - BIRU,39000,48
Rak Kamar mandi Tempat Sabun Rak handuk Rak kosmetik Toilet Rack A935,109000,1991
Handuk Merah Putih 70x140cm,40000,151
Kain Lap Handuk Microfiber 45 x 38 cm,16740,49
MAGIC TOWEL - HANDUK MINI UNTUK TRAVELING,1300,9922
HANDUK KIMONO DEWASA POLOS MERAH MAROON SIZE L,219900,2
Handuk Mandi Dewasa Gucci Salur 70x140 TERLARIS,27000,97
Rak handuk kamar mandi 2 baris .bahan stainless steel . anti karat,55000,10
H09 - Handuk Mandi Bayi - Handuk Travel Polos Bisa Untuk Dewasa,9120,978
rak handuk 60cm single 631,40000,22
Handuk Wajah Mandi Korea bulu karang polos dan cepat menyerap air,18500,14
handuk terry palmer bordir aplikasi anak 70x140 lembut & serap,80000,104
Handuk Microfiber Quick Dry 100 x 30 Tidak Berbau Lembut cAMPING,28900,73
Handuk Terry Palmer Motif-1 70x140 Halus Premium Tebal Anti-bakteri,84500,48
handuk sport souvenir 30x70 polos katun halus,15000,4645
Handuk Terry Palmer Signature Tebal 550gram 70x140cm,84000,37
Rak Gantungan Handuk Kamar Mandi Bathroom Towel Holder - TK4,51600,70
TOTO Rak Handuk - Combination Towel Shelf & Towel Bar TX726AES,1785000,87
Gantungan handuk kamar mandi Almunium A345,58000,5
BEST SELLER HANDUK MUKA SAPU TANGAN CHALMER 30X30,8900,974
HANDUK KIMONO DEWASA POLOS HITAM Size XL,235000,3
Kapstok Dinding Gantungan Handuk Baju Kamar Mandi Toilet WC Dapur S685,33600,932
VONE TS-D601 Towel Shelf Rak Gantungan Handuk Dinding Kamar Mandi,165000,138
VONE HK-M03 Gantungan Baju Handuk Satuan Kapstok Dinding Stainless,18600,264
Rak handuk lipat-gantungan handuk stenlies-gantungan handuk kamar mandi,155000,27
handuk sapu tangan oshibori corak kotak 30x30 tebal serap,8000,1181
Gantungan Handuk Kamar Mandi Bathroom Towel Holder TKLJ004,51800,25
Handuk Lexus Tanggung by Toyo Terry,38500,46
rak handuk stainless 5 baris plus kapstok 4kait PROMO TERMURAH,165000,65
K90011 - Handuk Merah Putih - 135 x 70 - Murah Berkualitas,67500,999
MOKHAMANO HANDUK MICROFIBER QUICKDRY HANDUK OLAHRAGA JNU0755 BLUE,15200,995
gantungan handuk / rak handuk stainless fiorentino,59000,1214
Washlap Handuk Chalmer Waslap Bayi Wash Cloth 13x17 cm,6900,896
Sorex Handuk Mandi Dewasa Microfiber Towel Bright Lembut Daya Serap Tinggi HM 880,65900,57
Rak Handuk Gantung Dinding Aluminium Rak Dinding Kamar Mandi Atau Toilet,51900,195
Rak handuk gantungan handuk dan baju,120000,12
Handuk Hotel Polos Uk. 60x120cm Gramasi 600 GSM,57600,183
Rak handuk gantungan baju kamar mandi,165000,4
gantungan baju-capstok-kapstok-gantungan handuk,55000,555
Handuk Mandi Motif Pelangi,29000,592
